{"Time": "2022-03-21T14:36:30.536167", "Pos 1": [-0.27832798902772865, 5.506374799712027e-05], "Pos 2": [0.1327990855134574, 0.23086475171833726], "Pos 3": [-0.2975869012741488, -0.46842752698333257], "Pos 4": [0.12941858835288372, -0.23761957060875308], "Pos 5": [-0.28753473280423175, 0.46883972549494735], "Pos 6": [-0.6864585959506586, -0.23133926575898026], "Pos 7": [-0.6859840424204483, 0.23773124297439552], "Pos 8": [1.973674587610875, -0.00010442058461144108], "distances": [[0.0, 0.46, 0.46, 0.46, 0.46, 0.46, 0.46, 2.25], [0.46, 0.0, 0.815, 0.46, 0.46, 0.93, 0.815, 1.851], [0.46, 0.815, 0.0, 0.46, 0.93, 0.46, 0.815, 2.32], [0.46, 0.46, 0.46, 0.0, 0.815, 0.815, 0.93, 1.855], [0.46, 0.46, 0.93, 0.815, 0.0, 0.816, 0.46, 2.31], [0.46, 0.93, 0.46, 0.815, 0.816, 0.0, 0.46, 2.67], [0.46, 0.815, 0.815, 0.93, 0.46, 0.46, 0.0, 2.67], [2.25, 1.851, 2.32, 1.855, 2.31, 2.67, 2.67, 0.0]]}