{"Time": "2022-03-18T14:44:28.828055", "Pos 1": [0.26930131904662963, -7.595870643977163e-17], "Pos 2": [0.06815387781654329, -0.11523526659259598], "Pos 3": [0.2867822100843185, 0.23047053318519187], "Pos 4": [0.06815387781654297, 0.11523526659259593], "Pos 5": [0.2867822100843184, -0.23047053318519178], "Pos 6": [0.4961816203858932, 0.11523526659259593], "Pos 7": [0.4961816203858931, -0.11523526659259607], "Pos 8": [-1.9715367356201385, -2.2159311781302445e-17], "distances": [[0.0, 0.23, 0.23, 0.23, 0.23, 0.23, 0.23, 2.24], [0.23, 0.0, 0.4, 0.23, 0.23, 0.46, 0.4, 2.04], [0.23, 0.4, 0.0, 0.23, 0.46, 0.23, 0.4, 2.27], [0.23, 0.23, 0.23, 0.0, 0.4, 0.4, 0.46, 2.04], [0.23, 0.23, 0.46, 0.4, 0.0, 0.4, 0.23, 2.27], [0.23, 0.46, 0.23, 0.4, 0.4, 0.0, 0.23, 2.47], [0.23, 0.4, 0.4, 0.46, 0.23, 0.23, 0.0, 2.47], [2.24, 2.04, 2.27, 2.04, 2.27, 2.47, 2.47, 0.0]]}